<?xml version="1.0" encoding="UTF-8" standalone="yes"?>
<addon id="plugin.video.live.Ramses-Tv_Arena"
       name="[COLOR yellow]Ramses-TV[/COLOR] Arena"
       versión="[COLOR yellow]2.1[/COLOR]"
       provider-name="[COLOR red]Ramses_[/COLOR]">
  <requires>
    <import addon="xbmc.python" version="2.1.0"/>
    <import addon="script.module.beautifulsoup" version="3.2.1"/>
    <import addon="script.module.simple.downloader" version="0.9.4"/>
	<import addon="script.module.beautifulsoup4" />
    <import addon="script.module.requests" />
    <import addon="script.module.httplib2" />
    <import addon="script.module.liveresolver" version="0.1.24" optional="true"/>
    <import addon="script.module.youtube.dl" optional="true"/>
    <import addon="plugin.video.youtube" optional="true" />
    <import addon="script.module.resolveurl" optional="true"/>
    <import addon="script.module.simplejson" />    
    <import addon="script.module.livestreamer" optional="true"/>
    <import addon="script.module.slproxy" optional="true"/>
    <import addon="script.module.pyamf" optional="true"/>
  </requires>
  <extension point="xbmc.python.pluginsource" library="default.py">
    <provides>video</provides>
  </extension>


  <extension point="xbmc.addon.metadata">
    <summary>[COLOR red]Streaming de emisiones Arenavision.site[/COLOR]</summary>
    <description>
[COLOR red]Streaming de cadenas de Arenavision.site[/COLOR]
[COLOR yellow]Basado en livestreamspro 2.8.4 (Shani)[/COLOR]
[COLOR red]By Ramses_[/COLOR]

AVISO LEGAL:

[COLOR red]Complemento gratuito que no aloja ningun contenido.[/COLOR]
[COLOR yellow]Todo el contenido se encuentra en internet.[/COLOR]
[COLOR red]No se acepta ninguna responsabilidad por el uso de este addon.[/COLOR]

    </description>
    <platform>all</platform>
  </extension>
</addon>
