<?xml version="1.0" encoding="UTF-8" standalone="yes"?>
<addon id="service.noip.org"
       name="NoIp client service"
       version="1.0.1"
       provider-name="kampanita">
  <requires>
    <import addon="xbmc.python" version="2.1.0"/>
  </requires>
  <extension point="xbmc.service" library="service.py" start="login" />
  <extension point="xbmc.addon.metadata">
    <platform>all</platform>
    <summary lang="en">NoIp client service</summary>
    <description lang="en">No ip-client for dns made for you by Kampanita inkubopunk.org</description>
		<license>GNU General Public License, v2</license>
		<language></language>
		<forum>http://forum.kodi.tv/showthread.php?tid=209948</forum>
		<source>https://github.com/kampanita/service.noip.org</source>
		<email>kampanita@gmail.com</email>
  </extension>
</addon>