<?xml version="1.0" encoding="UTF-8"?>
<addon
	id="plugin.video.DPlus" version="1.0" name="DPlus" provider-name="iNKuBo">
<requires>    
    <import addon="script.module.requests" />    
    <import addon="script.module.six" />
  </requires>
	<extension point="xbmc.python.pluginsource" library="default.py">
		<provides>video</provides>
	</extension>
	
	 <extension point="xbmc.addon.repository" name="Kampanita Repository">
			<info>https://github.com/kampanita/repository/blob/master/addon.xml</info>
			<checksum>https://github.com/kampanita/repository/blob/master/addons.xml.md5</checksum>
			<datadir zip="true">https://github.com/kampanita/repository/blob/master/</datadir>
		</extension>
	
	<extension point="xbmc.addon.metadata">
                <platform>all</platform>
		<summary lang="en">Dplus</summary>
		<summary lang="da">Dplus</summary>
		<description lang="en">DPlus</description>
		<website></website>
		<license>GPL 2.0</license>
		<platform>all</platform>
<assets>
        <icon>icon.jpg</icon>
  
        <fanart>fanart.png</fanart>
    </assets>        
		<language>es</language>
	</extension>
</addon>