<?xml version="1.0" encoding="UTF-8" standalone="yes"?>

<addon id="plugin.video.Ramses" name="Ramses" version="1.0.0" provider-name="Ramses Team">
  <requires>
  <import addon="script.module.beautifulsoup4" version="4.9.3"/>
    <import addon="script.module.requests" />
    <import addon="script.module.httplib2" version="0.17.0" />
    <import addon="script.module.liveresolver" version="0.1.49" optional="true"/>
    <import addon="script.module.youtube.dl" optional="true"/>
    <import addon="plugin.video.youtube" optional="true" />
    <import addon="script.module.resolveurl" optional="true"/>
    <import addon="script.module.simplejson" version="3.17.0" />    
    <import addon="script.module.livestreamer" version="1.12.2" optional="true"/>
    <import addon="script.module.slproxy" optional="true"/>
    <import addon="script.module.pyamf" optional="true"/>
	<import addon="script.module.simple.downloader" />
  </requires>
  <extension point="xbmc.python.pluginsource" library="default.py">
    <provides>video</provides>
  </extension>

  <extension point="xbmc.python.pluginsource" library="default.py">
    <provides>video</provides>
  </extension>
  
  <extension point="xbmc.addon.metadata">
    <summary>[COLOR red]Streaming de emisiones Arenavision.site[/COLOR]</summary>
    <description>
[COLOR red]Streaming de cadenas de Arenavision.site[/COLOR]
[COLOR yellow]Basado en livestreamspro 2.8.4 (Shani)[/COLOR]
[COLOR red]By Ramses_[/COLOR]

AVISO LEGAL:

[COLOR red]Complemento gratuito que no aloja ningun contenido.[/COLOR]
[COLOR yellow]Todo el contenido se encuentra en internet.[/COLOR]
[COLOR red]No se acepta ninguna responsabilidad por el uso de este addon.[/COLOR]

    </description>
    <platform>all</platform>
  </extension>
</addon>